ip,anonymityLevel,asn,country,isp,latency,org,port,protocols,responseTime,speed,updated_at,upTime,upTimeSuccessCount,upTimeTryCount
"45.112.125.57","elite","AS58369","ID","FIBERNET","164","N/A","4145","socks4","4097","1","2024-02-06T17:22:54.611Z","99","5985","6045"
"45.70.237.134","elite","AS52468","EC","Ufinet Panama S.A.","164","Negocios Y Telefonia Nedetel S.A","4145","socks4","390","1","2024-02-06T17:22:45.312Z","100","5985","6006"
"193.169.81.91","elite","AS49491","UA","Ternet LLC","52","Ternet LTD","5678","socks4","4893","1","2024-02-06T17:22:45.410Z","95","5742","6032"
"197.234.13.52","elite","AS36902","SC","Intelvision","174","Intelvision Ltd","36902","socks4","4499","1","2024-02-06T17:22:45.315Z","99","5892","5929"
"154.113.161.1","elite","AS37282","NG","Mainone Cable Company","133","Mainone Cable Company","5678","socks4","2702","1","2024-02-06T17:22:45.316Z","100","6007","6026"
"132.148.6.255","elite","AS26496","US","GoDaddy.com, LLC","135","GoDaddy.com, LLC","20859","socks5","3501","1","2024-02-06T17:22:45.317Z","99","5931","5981"
"93.87.73.194","elite","AS8400","RS","Telekom Srbija","37","N/A","8080","socks4","620","1","2024-02-06T17:22:35.917Z","100","6057","6058"
"192.163.252.85","elite","AS46606","US","Unified Layer","184","Unified Layer","52119","socks5","2122","1","2024-02-06T17:22:35.814Z","100","6005","6022"
"182.253.175.177","elite","AS17451","ID","Biznet Metronet","169","N/A","5678","socks4","3802","1","2024-02-06T17:22:35.811Z","93","5505","5913"
"180.183.1.188","elite","AS45629","TH","Triple T Broadband Public Company Limited","189","Triple T Broadband Public Company Limited","4145","socks4","1593","1","2024-02-06T17:22:35.916Z","97","5786","5937"
"185.203.243.160","elite","AS204601","NL","Zomro B.V.","11","Zomro B.V","24522","socks4","4996","1","2024-02-06T17:22:35.813Z","100","5891","5895"
"197.234.13.91","elite","AS36902","SC","Intelvision","174","Intelvision Ltd","4145","socks4","3894","1","2024-02-06T17:22:35.812Z","99","5888","5934"
"200.70.19.82","elite","AS10834","AR","Telefonica de Argentina","222","Telefonica de Argentina","4153","socks4","3299","3","2024-02-06T17:22:26.422Z","99","5943","6022"
"103.200.135.229","elite","AS134739","MM","AGB Communication Co.Ltd","245","N/A","4145","socks4","2707","1","2024-02-06T17:22:26.417Z","68","4076","5969"
"192.154.246.96","elite","AS64200","US","Vivid-hosting LLC","154","Vivid-hosting LLC","9000","socks5","3605","1","2024-02-06T17:22:26.419Z","100","5973","5986"
"45.15.170.94","elite","AS44477","CA","Stark Industries Solutions LTD","96","Ithostline LTD","32768","socks4","2503","1","2024-02-06T17:22:26.517Z","96","5697","5953"
"139.159.138.30","elite","AS55990","CN","Huawei Cloud Service data center","209","Huawei Cloud Service","7890","socks5","2799","1","2024-02-06T17:22:22.836Z","86","5167","6013"
"62.138.0.171","elite","AS8972","FR","Host Europe Group","11","HEG Legacy Networks","51181","socks4","4391","1","2024-02-06T17:22:18.028Z","100","5952","5966"
"183.62.58.37","elite","AS4134","CN","Chinanet","210","Guangzhourunbaoxinxikejiyouxian","1080","socks4","3907","3","2024-02-06T17:22:17.930Z","86","5121","5954"
"177.104.16.118","elite","AS262624","BR","Inetsafe Comercio De Equipamentos Eletronicos Ltda","196","Inetsafe Comercio De Equipamentos Eletronicos Ltda","14880","socks4","5402","1","2024-02-06T17:22:17.935Z","86","5128","5948"
"192.12.113.238","elite","AS61942","BR","Turbonet Telecom Ltda","205","Turbonet Telecom Ltda","4145","socks4","5200","1","2024-02-06T17:22:17.937Z","39","2323","6004"
"181.198.32.212","elite","AS27947","EC","Telconet S.A","161","Clientes Quito","4153","socks4","4597","1","2024-02-06T17:22:17.934Z","100","6030","6045"
"142.4.8.1","elite","AS46606","US","Unified Layer","137","Unified Layer","14883","socks4","4794","1","2024-02-06T17:22:17.940Z","100","5916","5918"
"112.78.164.62","elite","AS17451","ID","Biznet Networks","173","Metronet","5678","socks4","4510","1","2024-02-06T17:22:16.723Z","95","5753","6066"
"116.118.98.9","elite","AS7602","VN","SPT","294","N/A","5678","socks4","3389","1","2024-02-06T17:22:16.722Z","96","5827","6060"
"69.163.166.93","elite","AS26347","US","New Dream Network, LLC","182","New Dream Network, LLC","3838","socks5","3201","1","2024-02-06T17:22:16.724Z","100","6076","6083"
"5.190.229.170","elite","AS58224","IR","Iran Telecommunication Company PJS","194","N/A","8080","socks4","5097","1","2024-02-06T17:22:16.721Z","93","5572","6007"
"103.5.172.242","elite","AS58427","AF","Global Entourage Services","140","Aftel","58427","socks4","1008","1","2024-02-06T17:22:16.721Z","61","3693","6041"
"119.40.82.210","elite","AS24122","BD","BDCOM Online Limited","154","Bdcom","35805","socks4","4308","1","2024-02-06T17:22:13.642Z","99","5864","5932"
"144.126.217.189","elite","AS14061","US","DigitalOcean, LLC","153","DigitalOcean, LLC","12345","socks5","5596","1","2024-02-06T17:22:13.636Z","70","4247","6037"
"34.64.4.17","elite","AS139070","SG","Google Asia Pacific Pte. Ltd.","254","Google LLC","80","socks4","4097","1","2024-02-06T17:22:13.633Z","100","5978","5980"
"186.10.102.218","elite","AS27651","CL","Entel Chile S.A.","286","Entel Chile S.A","5678","socks4","3203","85","2024-02-06T17:22:13.638Z","99","5878","5957"
"202.53.172.76","elite","AS23923","BD","Agni Systems Ltd.","159","Agni 12","5678","socks4","4493","1","2024-02-06T17:22:13.639Z","98","5897","6021"
"180.183.69.89","elite","AS45629","TH","Triple T Broadband Public Company Limited","170","Triple T Broadband Public Company Limited","8080","socks5","1402","1","2024-02-06T17:22:08.535Z","98","5781","5908"
"8.218.205.195","elite","AS45102","HK","Alibaba (US) Technology Co., Ltd.","388","Alibaba.com Singapore E-Commerce Private Limited","5555","socks5","9497","1","2024-02-06T17:22:08.536Z","59","3539","6035"
"176.215.237.166","elite","AS51645","RU","JSC \"ER-Telecom Holding\"","108","OJSC Siberian Telephone Company Network","5678","socks4","3909","2","2024-02-06T17:22:08.544Z","77","4620","5996"
"51.89.3.130","elite","AS16276","GB","OVH SAS","11","OVH BE","30444","socks4","5086","1","2024-02-06T17:22:08.927Z","100","5901","5902"
"38.127.179.121","elite","AS174","US","Cogent Communications","78","Torlandia Trading SRL","11537","socks5","253","1","2024-02-06T17:22:08.542Z","100","5961","5974"
"1.2.212.35","elite","AS23969","TH","TOT Public Company Limited","152","TOT Public Company Limited","4145","socks4","22704","1","2024-02-06T17:22:07.507Z","65","3876","5994"
"188.255.244.5","elite","AS52116","RS","Orion Telekom ISP IP Network in Subotica","88","Orion Telekom Tim d.o.o.Beograd","1080","socks4","1685","2","2024-02-06T17:22:07.505Z","100","5958","5972"
"104.25.251.18","elite","AS13335","CA","Cloudflare, Inc.","3","Cloudflare, Inc.","13335","socks4","4198","1","2024-02-06T17:22:07.508Z","100","5980","5981"
"104.25.184.189","elite","AS13335","CA","Cloudflare, Inc.","91","Cloudflare, Inc.","80","socks4","5014","81","2024-02-06T17:22:07.507Z","100","5898","5899"
"103.66.233.153","elite","AS134014","IN","NET 4 U SERVICES","143","N/A","4145","socks4","2303","1","2024-02-06T17:22:07.505Z","99","5949","5982"
"193.40.176.50","elite","AS3221","EE","Haridus- ja Teadusministeerium","92","Jarvamaa KHK","4153","socks4","2097","1","2024-02-06T17:22:07.610Z","96","5721","5932"
"222.129.35.173","elite","AS4808","CN","China Unicom Beijing Province Network","171","N/A","57114","socks4","1002","81","2024-02-06T17:22:07.504Z","83","4996","5999"
"203.30.188.247","elite","AS209242","BZ","Cloudflare London, LLC","15","Umpire Associates LTD","80","socks5","2100","1","2024-02-06T17:22:03.638Z","100","6070","6071"
"121.101.131.91","elite","AS131706","ID","PT SELARAS CITRA TERABIT","297","Terabit","1080","socks4","3285","1","2024-02-06T17:22:03.643Z","97","5758","5956"
"47.242.40.222","elite","AS45102","HK","Alibaba.com LLC","310","Hong Kong","8888","socks5","4187","1","2024-02-06T17:22:03.733Z","86","5154","6025"
"202.124.43.251","elite","AS9902","KH","NeocomISP Limited","234","NeocomISP Limited","4145","socks4","2391","1","2024-02-06T17:22:03.731Z","99","5960","6028"
"218.185.242.117","elite","AS4809","SG","China Telecom Next Generation Carrier Network","191","CTG","9050","socks4","1796","1","2024-02-06T17:22:03.645Z","100","6037","6038"
"217.219.86.250","elite","AS58224","IR","Iran Telecommunication Company PJS","107","Parsdataprocessingco","5678","socks4","3384","1","2024-02-06T17:22:03.729Z","99","5908","5969"
"95.217.52.14","elite","AS24940","FI","Hetzner Online GmbH","41","HETZNER-DC","55445","socks5","3527","1","2024-02-06T17:21:59.027Z","100","5994","5996"
"180.183.225.91","elite","AS45629","TH","Triple T Broadband Public Company Limited","199","Triple T Broadband Public Company Limited","44550","socks4","884","1","2024-02-06T17:21:58.845Z","99","5892","5972"
"200.0.247.242","elite","AS10834","AR","Telefonica de Argentina","253","Smart S.A","5678","socks4","295","2","2024-02-06T17:21:58.218Z","95","5729","6032"
"61.7.138.57","elite","AS131090","TH","CAT Telecom Public Company Limited","491","National Telecom Public Company Limited","5678","socks4","1301","1","2024-02-06T17:21:58.212Z","75","4481","5965"
"212.42.113.240","elite","AS8449","KG","\"ElCat\" Ltd.","117","ElCat, Ltd.","37545","socks4","4005","1","2024-02-06T17:21:58.213Z","99","5957","5993"
"78.186.98.148","elite","AS9121","TR","TurkTelecom","93","N/A","1080","socks4","4492","1","2024-02-06T17:21:58.835Z","94","5604","5946"
"112.109.20.234","elite","AS24521","ID","DATAUTAMANET","188","N/A","4153","socks4","1814","1","2024-02-06T17:21:58.838Z","99","5884","5964"
"81.162.199.93","elite","AS34955","CZ","Martin Vicenik","31","VicenikRoute","4153","socks4","4999","1","2024-02-06T17:21:58.843Z","100","6006","6025"
"51.15.16.96","elite","AS12876","NL","Online SAS NL","14","SCALEWAY","46919","socks5","4414","1","2024-02-06T17:21:58.311Z","94","5622","5974"
"103.79.96.190","elite","AS64308","ID","PT IndoDev Niaga Internet","169","PT IndoDev Niaga Internet","4153","socks4","2990","1","2024-02-06T17:21:58.928Z","100","5941","5947"
"45.77.4.241","elite","AS20473","US","The Constant Company","145","Vultr Holdings, LLC","9050","socks5","594","1","2024-02-06T17:21:58.217Z","97","5861","6014"
"116.58.254.88","elite","AS131090","TH","CAT-BB","299","N/A","4145","socks4","4701","1","2024-02-06T17:21:58.212Z","83","4980","5965"
"103.242.107.241","elite","AS58821","ID","PT Lintas Jaringan Nusantara","164","PT Lintas Jaringan Nusantara","4145","socks4","4491","1","2024-02-06T17:21:58.839Z","22","1350","6077"
"95.179.232.45","elite","AS20473","GB","The Constant Company, LLC","12","Vultr Holdings LLC London","15737","socks5","5000","1","2024-02-06T17:21:58.931Z","90","5367","5941"
"27.191.60.153","elite","AS4134","CN","Chinanet","297","Chinanet HE","3256","socks4","2510","1","2024-02-06T17:21:58.211Z","81","4883","6064"
"45.196.148.8","elite","AS7018","US","AT&T Services, Inc.","117","AQUA Networks Limited","5432","socks4","3790","81","2024-02-06T17:21:58.930Z","99","5930","6019"
"68.183.17.152","elite","AS14061","US","DigitalOcean, LLC","86","DigitalOcean, LLC","8016","socks5","704","1","2024-02-06T17:21:58.312Z","55","3276","5992"
"190.109.72.17","elite","AS264231","BR","RG.COM - INFORMATICA & COMUNICACAO LTDA - ME","293","RG.COM - INFORMATICA & COMUNICACAO LTDA - ME","33633","socks4","3802","1","2024-02-06T17:21:54.027Z","98","5958","6055"
"43.153.177.147","elite","AS132203","JP","Shenzhen Tencent Computer Systems Company Limited","252","Tencent Cloud Computing","443","socks4","4502","1","2024-02-06T17:21:53.937Z","79","4715","5943"
"197.245.155.96","elite","AS11845","ZA","Vox Telecom Ltd","193","Vox Telecom","8080","socks4","3095","1","2024-02-06T17:21:53.941Z","93","5584","5997"
"149.28.122.98","elite","AS20473","US","The Constant Company","97","Vultr Holdings, LLC","46560","socks5","4884","1","2024-02-06T17:21:53.930Z","92","5385","5874"
"110.78.148.87","elite","AS131090","TH","CAT-BB","241","N/A","4145","socks4","3902","1","2024-02-06T17:21:49.341Z","76","4607","6033"
"201.236.248.250","elite","AS13489","CO","EPM Telecomunicaciones S.A. E.S.P.","170","EPM Telecomunicaciones S.A. E.S.P.","5678","socks4","1786","1","2024-02-06T17:21:49.336Z","97","5737","5941"
"148.153.23.18","elite","AS63199","US","CDS Global Cloud Co., Ltd","139","CDS Global Cloud Co., Ltd","39593","socks4","2299","1","2024-02-06T17:21:49.427Z","100","6067","6068"
"94.130.179.24","elite","AS24940","DE","Hetzner Online GmbH","83","Hetzner","8040","socks4","1398","85","2024-02-06T17:21:49.440Z","97","5784","5962"
"185.46.60.108","elite","AS15836","MD","Arax-Impex s.r.l.","46","N/A","5678","socks4","5003","1","2024-02-06T17:21:47.521Z","100","5979","5985"
"103.47.93.205","elite","AS134058","IN","Broban Internet Services Pvt.ltd","148","Broban  PVT Ltd.","1080","socks4","4108","1","2024-02-06T17:21:47.520Z","99","6007","6049"
"203.32.121.157","elite","AS209242","VG","Cloudflare London, LLC","82","Anaga Consulting Limited","80","socks4","2107","1","2024-02-06T17:21:47.602Z","100","6023","6024"
"79.121.31.86","elite","AS43529","HU","Vidanet Cabletelevision Provider Ltd","100","ViDanet","5678","socks4","311","1","2024-02-06T17:21:47.519Z","99","5907","5938"
"109.251.197.33","elite","AS31148","UA","O3 Core","46","N/A","48805","socks4","737","1","2024-02-06T17:21:47.521Z","92","5452","5945"
"43.134.204.249","elite","AS132203","HK","Shenzhen Tencent Computer Systems Company Limited","244","Tencent Cloud Computing","33126","socks4","1000","2","2024-02-06T17:21:47.518Z","98","5903","6011"
"109.207.193.135","elite","AS43139","UA","Maximum-Net LLC","95","Obltelecom","5678","socks4","3804","1","2024-02-06T17:21:44.439Z","100","5917","5932"
"188.255.245.33","elite","AS52116","RS","Orion Telekom ISP IP Network in Subotica","36","Orion Telekom Tim d.o.o.Beograd","1080","socks4","1006","1","2024-02-06T17:21:44.436Z","100","5979","5992"
"103.209.230.185","elite","AS60781","TM","WIMS1","10","N/A","4153","socks4","1301","2","2024-02-06T17:21:44.441Z","46","2807","6089"
"193.107.169.222","elite","AS50648","UA","PE UAinet","82","PE UAinet","5678","socks4","1712","1","2024-02-06T17:21:44.431Z","100","6003","6032"
"110.34.166.180","elite","AS45652","SG","VPLS-SIN","286","Vpls Sin1","4153","socks4","5003","1","2024-02-06T17:21:44.435Z","99","5969","6014"
"125.253.125.132","elite","AS45538","VN","ODS Joint Stock Company","296","ODSJSC","46051","socks4","2212","1","2024-02-06T17:21:44.434Z","98","5798","5927"
"83.142.161.30","elite","AS8369","RU","Intersvyaz-2 JSC","83","Intersvyaz-2 JSC","80","socks4","3292","1","2024-02-06T17:21:44.437Z","100","6062","6065"
"49.156.34.190","elite","AS24492","KH","WiCAM Corporation Ltd.","213","WiCAM Corporation Ltd.","24492","socks5","3807","84","2024-02-06T17:21:39.433Z","94","5650","6003"
"195.208.61.116","elite","AS62240","GB","Clouvider Limited","95","Qwarta LLC","52803","socks4","4399","1","2024-02-06T17:21:39.733Z","100","5998","6008"
"119.18.159.34","elite","AS55685","ID","PT. Jala Lintas Media","194","N/A","4145","socks4","4009","1","2024-02-06T17:21:39.438Z","99","5887","5942"
"168.227.158.5","elite","AS52898","BR","Multipla Serviços Inteligentes","227","Multipla Serviços Inteligentes","4145","socks4","4296","2","2024-02-06T17:21:39.431Z","99","6030","6081"
"222.94.90.178","elite","AS4134","CN","Chinanet","288","Chinanet JS","23456","socks5","5279","1","2024-02-06T17:21:39.529Z","21","1264","6054"
"14.232.161.29","elite","AS45899","VN","VNPT","190","Vietnam Posts and Telecommunications Group","10801","socks4","4588","1","2024-02-06T17:21:38.118Z","76","4566","6032"
"51.89.116.108","elite","AS16276","GB","OVH SAS","81","OVH GmbH","16276","socks4","3103","1","2024-02-06T17:21:38.212Z","100","5992","5992"
"172.67.105.234","elite","AS13335","CA","Cloudflare, Inc.","2","Cloudflare, Inc.","80","socks5","5009","2","2024-02-06T17:21:38.117Z","100","5982","5982"
"119.148.37.198","elite","AS23923","BD","Agni Systems Limited","158","Agni Systems Ltd.","1088","socks4","3902","1","2024-02-06T17:21:38.119Z","99","5859","5948"
"190.186.23.99","elite","AS25620","BO","Cotas Ltda.","285","Adsl-ip-dinamica - Plan","5678","socks4","3689","1","2024-02-06T17:21:38.119Z","74","4375","5935"
"212.200.161.241","elite","AS8400","RS","TELEKOM SRBIJA a.d.","48","Admira DOO Kragujevac","5678","socks5","4394","85","2024-02-06T17:21:33.134Z","100","5961","5984"
"188.68.52.220","elite","AS197540","DE","netcup GmbH","21","NETCUP-GMBH","9050","socks5","3989","1","2024-02-06T17:21:33.131Z","100","6019","6020"
"47.114.81.218","elite","AS37963","CN","Addresses CNNIC","230","Aliyun Computing Co., LTD","8060","socks4","4107","1","2024-02-06T17:21:33.133Z","88","5209","5903"
"147.182.203.142","elite","AS14061","US","DigitalOcean, LLC","153","DigitalOcean, LLC","12345","socks5","4604","1","2024-02-06T17:21:33.139Z","92","5547","6004"
"117.241.132.95","elite","AS9829","IN","BSNL Internet","294","N/A","5678","socks4","4694","1","2024-02-06T17:21:33.143Z","95","5755","6056"
"79.9.90.134","elite","AS3269","IT","INTERBUSINESS","32","N/A","1080","socks5","5093","1","2024-02-06T17:21:33.141Z","100","6029","6049"
"104.19.171.188","elite","AS13335","CA","Cloudflare, Inc.","2","Cloudflare, Inc.","80","socks5","4894","1","2024-02-06T17:21:28.603Z","100","5935","5935"
"80.52.223.98","elite","AS5617","PL","Orange Polska Spolka Akcyjna","41","Orange Polska S.A.","5678","socks4","3593","1","2024-02-06T17:21:28.706Z","98","5912","6011"
"143.95.103.43","elite","AS46606","US","Unified Layer","138","Athenix Inc","60088","socks4","2099","1","2024-02-06T17:21:28.704Z","95","5679","5992"
"123.25.116.228","elite","AS45899","VN","VietNam Post and Telecom Corporation","194","Vietnam Posts and Telecommunications Group","1080","socks4","3601","1","2024-02-06T17:21:28.519Z","93","5639","6055"
"165.22.209.96","elite","AS14061","IN","DigitalOcean, LLC","140","DigitalOcean, LLC","25150","socks5","283","1","2024-02-06T17:21:28.604Z","43","2583","6002"
"177.104.192.122","elite","AS262632","BR","Grajaunet Telecomunicacoes Eireli","189","Grajaunet Telecomunicacoes Eireli","41443","socks4","4799","1","2024-02-06T17:21:28.340Z","100","5982","5996"
"171.5.12.194","elite","AS45629","TH","Triple T Broadband Public Company Limited","173","Triple T Broadband Public Company Limited","4145","socks4","1583","1","2024-02-06T17:21:28.705Z","100","5912","5917"
"180.183.135.241","elite","AS45629","TH","Triple T Broadband Public Company Limited","166","Triple T Broadband Public Company Limited","1099","socks4","4203","1","2024-02-06T17:21:28.336Z","87","5198","5951"
"210.210.154.61","elite","AS4787","ID","CBN","176","N/A","5678","socks5","2895","1","2024-02-06T17:21:28.521Z","100","6017","6026"
"131.108.118.27","elite","AS264353","BR","Catalão Bandnet Serviços Multimídia LTDA - ME","284","Catalão Bandnet Serviços Multimídia LTDA - ME","2022","socks4","2102","1","2024-02-06T17:21:28.333Z","99","5916","5951"
"123.114.207.105","elite","AS4808","CN","China Unicom Beijing Province Network","192","N/A","8118","socks4","3804","1","2024-02-06T17:21:28.705Z","74","4399","5958"
"138.68.135.103","elite","AS14061","GB","DigitalOcean, LLC","14","DigitalOcean, LLC","3128","socks5","1908","1","2024-02-06T17:21:23.442Z","95","5647","5949"
"138.36.196.11","elite","AS264586","BR","Speed Telecomunicacoes","211","Speed Telecomunicacoes","4153","socks4","3194","1","2024-02-06T17:21:23.532Z","99","5939","6022"
"46.227.38.1","elite","AS51155","PL","TB Telecom Sp. z o. o.","87","Telemedian","1088","socks4","4799","1","2024-02-06T17:21:23.538Z","100","6037","6054"
"43.134.237.27","elite","AS132203","SG","Aceville Pte.ltd","331","N/A","443","socks4","3801","1","2024-02-06T17:21:23.445Z","96","5731","5999"
"43.157.48.250","elite","AS132203","DE","Shenzhen Tencent Computer Systems Company Limited","13","Tencent Cloud Computing","443","socks4","5100","1","2024-02-06T17:21:19.027Z","5","313","6045"
"189.84.125.189","elite","AS28368","BR","Sobralnet Servicos E Telecomunicacoes Ltda - ME","160","Sobralnet Servicos E Telecomunicacoes Ltda - ME","5678","socks4","1004","2","2024-02-06T17:21:19.005Z","98","5777","5907"
"51.178.51.28","elite","AS16276","FR","OVH SAS","9","OVH","7497","socks5","6814","1","2024-02-06T17:21:19.111Z","100","6030","6030"
"104.16.106.65","elite","AS13335","CA","Cloudflare, Inc.","2","Cloudflare, Inc.","80","socks5","2301","1","2024-02-06T17:21:18.729Z","100","5970","5970"
"204.57.112.5","elite","AS22403","US","Trinicom Communications","106","Level 3","80","socks5","5094","1","2024-02-06T17:21:18.918Z","100","5957","5957"
"5.9.141.151","elite","AS24940","DE","Hetzner Online GmbH","23","Hetzner","30000","socks4","4598","1","2024-02-06T17:21:18.737Z","100","5968","5968"
"104.21.194.19","elite","AS13335","CA","Cloudflare, Inc.","3","Cloudflare, Inc.","80","socks4","3905","1","2024-02-06T17:21:18.732Z","100","5960","5960"
"109.87.172.133","elite","AS13188","UA","Content Delivery Network LTD","54","N/A","5678","socks4","3501","87","2024-02-06T17:21:19.003Z","22","1301","5989"
"103.126.87.25","elite","AS138109","ID","BINTANGPERKASAORION","192","N/A","1080","socks4","4493","82","2024-02-06T17:21:18.739Z","83","5017","6037"
"125.25.33.221","elite","AS23969","TH","TOT Public Company Limited","166","TOT Public Company Limited","23969","socks5","228","1","2024-02-06T17:21:18.919Z","94","5593","5971"
"203.24.109.130","elite","AS209242","BZ","Cloudflare London, LLC","11","Umpire Associates LTD","80","socks5","3597","1","2024-02-06T17:21:18.914Z","100","5979","5979"
"192.12.113.255","elite","AS61942","BR","Turbonet Telecom Ltda","202","Turbonet Telecom Ltda","4145","socks4","5009","1","2024-02-06T17:21:18.730Z","85","5132","6026"
"110.78.168.161","elite","AS131090","TH","CAT-BB","286","N/A","4145","socks4","2791","1","2024-02-06T17:21:18.917Z","79","4698","5971"
"166.62.59.87","elite","AS398101","US","GoDaddy.com, LLC","194","GoDaddy.com, LLC","32077","socks4","2019","1","2024-02-06T17:21:18.741Z","99","5946","6015"
"172.105.26.80","elite","AS63949","CA","Akamai Technologies","105","Linode","24817","socks4","4187","1","2024-02-06T17:21:13.832Z","80","4649","5831"
"128.199.142.101","elite","AS14061","SG","DigitalOcean, LLC","150","DigitalOcean, LLC","14061","socks5","1415","1","2024-02-06T17:21:13.836Z","100","5971","5974"
"165.225.240.95","elite","AS62044","NL","Zscaler Switzerland GmbH","11","Zscaler, Inc","10605","socks5","4495","1","2024-02-06T17:21:13.927Z","98","5862","6001"
"103.117.109.5","elite","AS137935","BD","I Link Internet Service (I.T)","261","I Link Internet Service (I.T)","4153","socks4","1116","1","2024-02-06T17:21:13.931Z","50","2987","5999"
"51.68.87.73","elite","AS16276","FR","OVH SAS","8","OVH","45177","socks4","1494","81","2024-02-06T17:21:13.839Z","100","5982","5983"
"103.109.59.109","elite","AS138640","BD","HelloTech Limited","171","Hello Tech Limited","1080","socks4","5012","1","2024-02-06T17:21:13.835Z","83","4999","5999"
"116.90.229.186","elite","AS24550","NP","Websurfer Nepal Communication System Pvt. Ltd","165","Websurfer Nepal Communication System Pvt. Ltd","47694","socks4","638","1","2024-02-06T17:21:13.837Z","97","5748","5909"
"103.79.96.189","elite","AS64308","ID","PT IndoDev Niaga Internet","180","PT IndoDev Niaga Internet","4153","socks4","3185","1","2024-02-06T17:21:09.708Z","100","6031","6045"
"195.175.87.14","elite","AS9121","TR","TTnetTurkTelekom","88","N/A","4153","socks4","4213","1","2024-02-06T17:21:09.712Z","98","5903","6022"
"185.189.14.93","elite","AS50113","RU","NTX Technologies s.r.o.","53","First Server Limited","1195","socks5","4688","1","2024-02-06T17:21:09.126Z","98","5935","6080"
"154.113.86.193","elite","AS37282","NG","Mainone Cable Company","195","MaiOne SME","5678","socks4","4404","3","2024-02-06T17:21:09.710Z","100","6005","6012"
"36.65.74.23","elite","AS7713","ID","PT. Telekomunikasi Indonesia","181","N/A","4145","socks4","4704","1","2024-02-06T17:21:09.709Z","82","4900","5981"
"156.239.144.87","elite","AS22773","US","Cox Communications Inc.","120","Bunny Technology LLC","10001","socks5","3296","1","2024-02-06T17:21:08.738Z","37","2195","6006"
"103.111.160.41","elite","AS59323","PK","Punjab Information Technology Board","135","Pitb Punjab","5678","socks4","4508","1","2024-02-06T17:21:08.735Z","96","5840","6060"
"103.214.156.17","elite","AS135339","BD","Fuad Muhammad Shorfuddin","283","N/A","5678","socks4","3105","1","2024-02-06T17:21:08.729Z","26","1527","5961"
"186.251.255.149","elite","AS267513","BR","Seanet Telecom Carazinho Eireli","287","Seanet Telecom Carazinho Eireli","31337","socks4","5097","1","2024-02-06T17:21:08.741Z","99","5962","5997"
"82.97.201.52","elite","AS29076","RU","Citytelecom LLC","56","Citytelecom LLC","5678","socks4","3000","1","2024-02-06T17:21:04.036Z","99","5966","6015"
"103.35.109.138","elite","AS23991","BD","Ranks ITT","197","Ranks ITT Ltd.","4145","socks4","3107","1","2024-02-06T17:21:03.735Z","100","6002","6026"
"203.119.147.187","elite","AS37963","CN","Hangzhou Alibaba Advertising Co., Ltd.","178","Addresses CNNIC","80","socks5","2398","1","2024-02-06T17:21:03.739Z","85","5015","5933"
"186.47.23.6","elite","AS28006","EC","Corporacion Nacional De Telecomunicaciones - CNT EP","188","Corporacion Nacional De Telecomunicaciones - CNT EP","5678","socks4","4293","1","2024-02-06T17:21:03.831Z","98","5838","5978"
"106.75.174.172","elite","AS58466","CN","UCLOUD","293","Shanghai UCloud Information Technology Company Limited","999","socks5","3591","1","2024-02-06T17:21:03.827Z","86","5107","5949"
"103.199.97.17","elite","AS45804","IN","New Shivam Cable Network","163","N/A","39825","socks4","2006","1","2024-02-06T17:21:03.830Z","97","5768","5919"
"94.101.179.153","elite","AS202468","IR","Noyan Abr Arvan Co. ( Private Joint Stock)","90","Noyan Abr Arvan Co. ( Private Joint Stock)","9050","socks5","914","1","2024-02-06T17:21:00.215Z","62","3648","5894"
"201.159.15.145","elite","AS263778","AR","Coop. Serv. Pub. Limit. Tres Arroyos, CELTA","239","Coop. Serv. Pub. Limit. Tres Arroyos, CELTA","5678","socks4","4793","1","2024-02-06T17:21:00.215Z","97","5847","5997"
"36.70.255.140","elite","AS7713","ID","PT. Telekomunikasi Indonesia","185","N/A","8080","socks5","4604","3","2024-02-06T17:21:00.213Z","82","4910","5963"
"178.32.47.218","elite","AS16276","BE","OVH ISP","5","OVH BE","38650","socks5","4403","1","2024-02-06T17:21:00.316Z","100","6070","6070"
"185.171.54.29","elite","AS44285","IR","Shahrad","95","N/A","4153","socks4","3207","1","2024-02-06T17:21:00.213Z","96","5835","6069"
"195.14.22.173","elite","AS41653","FR","Aqua Ray SAS","2","Aqua Ray","80","socks5","1401","1","2024-02-06T17:21:00.317Z","100","5944","5945"
"121.101.186.201","elite","AS38785","ID","BAGUSNET","196","N/A","43296","socks4","385","1","2024-02-06T17:21:00.214Z","92","5568","6067"
"202.124.43.254","elite","AS9902","KH","NeocomISP Limited","219","NeocomISP Limited","4145","socks4","4696","1","2024-02-06T17:20:58.932Z","99","5840","5919"
"177.125.161.38","elite","AS262346","BR","FP Telecomunicacoes Ltda","233","FP Telecomunicacoes Ltda","4145","socks4","2610","1","2024-02-06T17:20:58.931Z","74","4373","5870"
"197.211.244.135","elite","AS30969","ZW","Maintainer Liquid Telecommunications Operations Limited","207","N/A","5678","socks4","152","1","2024-02-06T17:20:54.032Z","95","5712","6004"
"89.31.143.12","elite","AS15598","DE","United Domains via IP Exchange GmbH","17","united-domains AG","80","socks4","4914","1","2024-02-06T17:20:54.030Z","100","5982","5982"
"104.251.81.87","elite","AS5650","US","Frontier Communications of America, Inc.","96","BraveWay","14778","socks5","3993","1","2024-02-06T17:20:54.138Z","100","5942","5946"
"38.127.172.28","elite","AS174","US","Cogent Communications","78","Torlandia Trading SRL","11537","socks4","4800","1","2024-02-06T17:20:54.229Z","100","6025","6033"
"41.223.232.34","elite","AS37008","BF","Alink Telecom Faso v","113","N/A","4145","socks4","1891","1","2024-02-06T17:20:53.944Z","99","5905","5962"
"138.197.208.93","elite","AS14061","US","DigitalOcean, LLC","154","Digital Ocean","8080","socks4","4509","1","2024-02-06T17:20:53.942Z","100","6040","6067"
"103.121.62.14","elite","AS138146","BD","North Bengal Online","194","North Bengal Online","5678","socks4","4504","1","2024-02-06T17:20:50.618Z","99","5979","6027"
"103.47.93.223","elite","AS134058","IN","Broban Internet Services Pvt.ltd","173","Broban  PVT Ltd.","1080","socks4","4496","1","2024-02-06T17:20:50.619Z","99","5995","6046"
"185.32.44.161","elite","AS200154","AZ","Izone LLC","93","Izone LLC","4153","socks4","4900","1","2024-02-06T17:20:50.614Z","100","5982","5996"
"123.27.171.133","elite","AS45899","VN","VietNam Post and Telecom Corporation","239","Vietnam Posts and Telecommunications Group","5678","socks4","2500","1","2024-02-06T17:20:50.620Z","9","549","6038"
"164.132.68.216","elite","AS16276","FR","OVH SAS","6","EL Zayat Hadi","8888","socks4","4510","1","2024-02-06T17:20:50.712Z","100","6071","6076"
"202.6.224.51","elite","AS23756","ID","Padi Internet","194","N/A","1080","socks4","2400","1","2024-02-06T17:20:50.620Z","100","5977","6005"
"117.241.134.235","elite","AS9829","IN","BSNL Internet","163","N/A","5678","socks4","2502","2","2024-02-06T17:20:48.838Z","95","5717","6030"
"172.67.36.21","elite","AS13335","CA","Cloudflare, Inc.","83","Cloudflare, Inc.","80","socks5","394","1","2024-02-06T17:20:48.835Z","100","6057","6057"
"14.207.3.159","elite","AS45629","TH","Triple T Broadband Public Company Limited","190","Triple T Broadband Public Company Limited","5678","socks4","1310","1","2024-02-06T17:20:48.829Z","89","5357","6052"
"185.32.45.201","elite","AS200154","AZ","Izone LLC","89","Izone LLC","4153","socks4","4302","1","2024-02-06T17:20:48.842Z","91","5490","6047"
"139.59.35.1","elite","AS14061","IN","DigitalOcean, LLC","132","DigitalOcean, LLC","42675","socks4","4688","1","2024-02-06T17:20:48.745Z","58","3532","6066"
"58.48.122.170","elite","AS4134","CN","Chinanet","223","Chinanet HB","7302","socks5","1098","1","2024-02-06T17:20:48.841Z","88","5317","6042"
"103.200.135.228","elite","AS134739","MM","AGB Communication Co.Ltd","243","N/A","4145","socks4","4003","1","2024-02-06T17:20:48.837Z","68","4073","5952"
"112.78.161.191","elite","AS17451","ID","Biznet Networks","173","Metronet","8089","socks4","2689","2","2024-02-06T17:20:43.737Z","91","5380","5927"
"116.197.132.59","elite","AS58369","ID","PT. Fiber Networks Indonesia","164","FIBERNET","8291","socks4","5002","90","2024-02-06T17:20:43.735Z","50","3035","6037"
"141.105.86.130","elite","AS24634","LB","CYBERIA","53","N/A","44660","socks4","2088","1","2024-02-06T17:20:43.738Z","93","5665","6107"
"104.20.205.191","elite","AS13335","CA","Cloudflare, Inc.","80","Cloudflare, Inc.","80","socks4","895","94","2024-02-06T17:20:43.740Z","100","6006","6007"
"203.34.28.166","elite","AS209242","VG","Cloudflare London, LLC","15","Anaga Consulting Limited","80","socks4","4893","2","2024-02-06T17:20:41.520Z","100","5955","5957"
"171.244.68.28","elite","AS7552","VN","Viettel Corporation","249","VIETEL","5678","socks4","466","1","2024-02-06T17:20:41.521Z","88","5304","6030"
"203.32.120.50","elite","AS209242","VG","Cloudflare London, LLC","11","Anaga Consulting Limited","80","socks4","4986","1","2024-02-06T17:20:41.520Z","100","6082","6082"
"173.255.199.69","elite","AS63949","US","Akamai Technologies, Inc.","111","Linode","19151","socks5","5199","1","2024-02-06T17:20:41.603Z","89","5376","6026"
"80.210.37.4","elite","AS58224","IR","TIC","100","Telecommunication Company of Tehran","1080","socks5","3401","1","2024-02-06T17:20:41.705Z","27","1587","5921"
"103.55.104.209","elite","AS133989","IN","SBR Telecom Pvt. Ltd","161","SBR Telecom Pvt. Ltd","4153","socks4","4195","1","2024-02-06T17:20:41.604Z","100","5932","5941"
"206.189.15.100","elite","AS14061","NL","DigitalOcean, LLC","12","DigitalOcean, LLC","54330","socks5","7499","1","2024-02-06T17:20:38.635Z","100","5974","5974"
"169.255.136.8","elite","AS36892","SS","IPTEC South Sudan","186","N/A","60279","socks4","2804","4","2024-02-06T17:20:38.538Z","99","5939","6008"
"173.212.231.105","elite","AS51167","DE","Contabo GmbH","96","Contabo GmbH","3128","socks4","2499","1","2024-02-06T17:20:38.730Z","54","3237","5967"
"103.47.93.246","elite","AS134058","IN","Broban Internet Services Pvt.ltd","141","Broban  PVT Ltd.","13405","socks5","4807","1","2024-02-06T17:20:38.636Z","99","5849","5911"
"45.4.85.150","elite","AS262234","HN","Asociacion De Servicio De Internet S. De RL","132","CIBERNET S. de RL de CV","5678","socks4","1098","1","2024-02-06T17:20:38.631Z","100","6018","6041"
"104.16.207.86","elite","AS13335","CA","Cloudflare, Inc.","2","Cloudflare, Inc.","80","socks5","2798","1","2024-02-06T17:20:34.035Z","100","6031","6031"
"185.169.181.14","elite","AS34984","TR","Ates Dc","58","Ibrahim MALA trading as Ates Dc","4145","socks4","3705","1","2024-02-06T17:20:34.237Z","100","5989","6007"
"181.88.73.150","elite","AS7303","AR","Telecom Argentina S.A","239","Telecom Acceso","5678","socks4","3302","1","2024-02-06T17:20:34.030Z","100","5921","5946"
"178.32.116.99","elite","AS16276","FR","OVH SAS","8","OVH ISP","62763","socks4","4186","1","2024-02-06T17:20:33.944Z","100","6051","6062"
"8.42.71.5","elite","AS399869","US","Mountain Broadband","192","Level 3, LLC","39593","socks4","5008","1","2024-02-06T17:20:32.310Z","100","6043","6049"
"140.238.68.47","elite","AS31898","GB","Oracle Corporation","100","Oracle Cloud Infrastructure (uk-london-1)","20170","socks4","4004","1","2024-02-06T17:20:32.405Z","19","1139","5873"
"113.11.183.142","elite","AS17451","ID","BIZNET","181","BIZNET","4145","socks4","408","1","2024-02-06T17:20:28.035Z","98","5927","6041"
"181.5.214.192","elite","AS7303","AR","Telecom Argentina S.A.","400","Telecom Personal Bs","1080","socks4","193","2","2024-02-06T17:20:28.032Z","33","1940","5961"
"125.24.56.159","elite","AS23969","TH","TOT Public Company Limited","158","TOT Public Company Limited","4145","socks4","2591","1","2024-02-06T17:20:28.233Z","77","4457","5800"
"102.64.116.1","elite","AS328500","CG","A.M.C Telecom","162","A.M.C Telecom","32850","socks4","1197","1","2024-02-06T17:20:28.029Z","99","5959","6038"
"185.202.7.161","elite","AS42871","AT","Michael Gamsjaeger Network","35","N/A","1455","socks4","2203","1","2024-02-06T17:20:28.236Z","80","4768","5990"
"139.59.90.148","elite","AS14061","IN","DIGITALOCEAN","140","DigitalOcean, LLC","14066","socks5","276","1","2024-02-06T17:20:27.950Z","100","6050","6056"
"160.16.125.237","elite","AS9370","JP","SAKURA Internet Inc.","239","SAKURA Internet Inc.","3030","socks5","4708","1","2024-02-06T17:20:27.947Z","100","5982","5990"
"110.11.37.83","elite","AS9318","KR","SK Broadband Co Ltd","230","SK Broadband Co Ltd","1080","socks4","2806","82","2024-02-06T17:20:27.945Z","100","6066","6081"
"213.89.48.95","elite","AS1257","SE","CHELLO","49","Com Hem AB","1080","socks4","3489","1","2024-02-06T17:20:27.943Z","98","5946","6053"
"170.81.108.47","elite","AS266416","BR","L3 NETWORKS E TELECOMUNICACOES LTDA","218","L3 NETWORKS E TELECOMUNICACOES LTDA","4153","socks4","5437","81","2024-02-06T17:20:23.131Z","100","6053","6082"
"203.24.103.131","elite","AS209242","VG","Cloudflare London, LLC","11","Anaga Consulting Limited","80","socks4","1685","1","2024-02-06T17:20:23.135Z","100","5914","5915"
"81.46.202.112","elite","AS16371","ES","acens Technologies, S.L.","23","ACENS-TELEFONICA","8080","socks4","160","1","2024-02-06T17:20:23.236Z","100","6017","6022"
"110.78.149.43","elite","AS131090","TH","CAT-BB","293","N/A","4145","socks4","3582","1","2024-02-06T17:20:23.137Z","78","4574","5893"
"212.83.162.168","elite","AS12876","FR","Online","1","Free SAS","2019","socks4","402","1","2024-02-06T17:20:23.134Z","94","5669","6050"
"50.63.26.13","elite","AS398101","US","GoDaddy.com, LLC","181","GoDaddy.com, LLC","53887","socks4","4495","2","2024-02-06T17:20:22.810Z","100","6018","6020"
"89.191.237.89","elite","AS12389","RU","PJSC Rostelecom","84","PJSC Rostelecom","5678","socks4","619","1","2024-02-06T17:20:22.905Z","99","5953","5992"
"91.148.233.54","elite","AS50525","DE","Privado Networks AG","81","Privado Networks Frankfurt","8081","socks4","4908","1","2024-02-06T17:20:22.805Z","100","6011","6016"
"109.122.88.194","elite","AS41937","RS","RADIJUS VEKTOR Internet network","29","N/A","5678","socks4","2599","1","2024-02-06T17:20:18.440Z","99","6058","6101"
"203.23.103.19","elite","AS209242","BZ","Cloudflare London, LLC","11","Umpire Associates LTD","80","socks4","4898","1","2024-02-06T17:20:18.235Z","100","5998","5998"
"170.231.64.112","elite","AS265045","BR","Johanes Kler Felema Comunicacoes ME","218","Johanes Kler Felema Comunicacoes ME","5678","socks4","3382","1","2024-02-06T17:20:18.236Z","86","5188","6050"
"173.212.250.16","elite","AS51167","DE","Contabo GmbH","19","Contabo GmbH","64768","socks5","1102","1","2024-02-06T17:20:18.233Z","100","5877","5879"
"202.91.186.129","elite","AS4808","CN","China Unicom Beijing Province Network","175","Beijing Sunway Xunteng Technology Development Co., Ltd","4145","socks4","4790","81","2024-02-06T17:20:18.232Z","90","5333","5937"
"114.99.5.212","elite","AS4134","CN","Chinanet","194","Chinanet AH","8004","socks5","3212","1","2024-02-06T17:20:13.106Z","63","3745","5984"
"104.24.220.52","elite","AS13335","CA","Cloudflare, Inc.","2","Cloudflare, Inc.","80","socks5","319","1","2024-02-06T17:20:13.536Z","100","5976","5976"
"43.135.159.78","elite","AS132203","US","Shenzhen Tencent Computer Systems Company Limited","154","Tencent Cloud Computing","443","socks4","592","1","2024-02-06T17:20:13.015Z","74","4364","5932"
"98.126.214.156","elite","AS4213","US","Krypt Technologies","147","Krypt Technologies","17880","socks5","5083","1","2024-02-06T17:20:13.444Z","76","4622","6107"
"89.165.117.30","elite","AS39501","IR","Parvaresh Dadeha Co. Private Joint Stock","128","Sabanet Isfahan","5678","socks4","2798","1","2024-02-06T17:20:13.537Z","98","5892","6035"
"150.107.207.137","elite","AS58504","NP","Techminds Network Pvt. Ltd","288","N/A","57230","socks4","4586","1","2024-02-06T17:20:08.637Z","98","5958","6065"
"197.234.13.17","elite","AS36902","SC","Intelvision","177","Intelvision Ltd","4145","socks4","5094","1","2024-02-06T17:20:08.731Z","99","5975","6018"
"68.183.128.131","elite","AS14061","US","DigitalOcean, LLC","85","DigitalOcean, LLC","8080","socks4","3894","1","2024-02-06T17:20:08.734Z","86","5075","5915"
"172.67.69.9","elite","AS13335","CA","Cloudflare, Inc.","3","Cloudflare, Inc.","80","socks5","2484","1","2024-02-06T17:20:08.730Z","100","5951","5951"
"188.166.231.51","elite","AS14061","SG","DigitalOcean, LLC","158","Digitalocean","7497","socks5","535","1","2024-02-06T17:20:08.640Z","99","5905","5962"
"151.80.123.31","elite","AS16276","FR","OVH SAS","6","BIN ABDULLAH Mahmoud Ridhwan","1080","socks4","4897","1","2024-02-06T17:20:04.038Z","71","4277","6018"
"137.220.53.12","elite","AS20473","CA","The Constant Company","100","Vultr Holdings, LLC","10544","socks4","3894","3","2024-02-06T17:20:03.843Z","86","5126","5957"
"46.148.163.119","elite","AS197405","PL","Tomkow Sp. z o.o.","45","Tomkow Sp. z o.o","5678","socks4","3288","1","2024-02-06T17:20:03.027Z","99","5905","5985"
"103.79.152.204","elite","AS131111","ID","MORATELINDO","168","Moratelindo","5678","socks4","1498","1","2024-02-06T17:20:03.935Z","96","5823","6044"
"91.224.179.175","elite","AS197602","UA","TeleRadioCompany \"Studio TV-9 Beregsasom\" Ltd.","45","TV9 net 2","5678","socks4","4500","2","2024-02-06T17:20:03.933Z","95","5764","6094"
"103.105.41.209","elite","AS137143","IN","Minnal Digital Network Private Limited","150","Minnal Digital Network Private Limited","4145","socks4","1390","1","2024-02-06T17:20:03.841Z","100","5992","6017"
"47.98.183.59","elite","AS37963","CN","Hangzhou Alibaba Advertising Co","298","Aliyun Computing Co., LTD","37963","socks4","1134","1","2024-02-06T17:20:02.836Z","89","5320","5977"
"104.248.20.36","elite","AS14061","DE","DigitalOcean, LLC","29","DigitalOcean, LLC","9050","socks4","915","1","2024-02-06T17:19:58.832Z","100","6023","6023"
"185.247.226.94","elite","AS200651","GB","Flokinet Ltd","44","Flokinet Ltd","16049","socks5","1390","1","2024-02-06T17:19:58.840Z","92","5488","5991"
"94.20.21.7","elite","AS29049","AZ","Delta Telecom","84","N/A","4153","socks4","1702","1","2024-02-06T17:19:58.834Z","100","6004","6021"
"201.11.38.204","elite","AS8167","BR","V tal","282","V tal","8081","socks4","4393","1","2024-02-06T17:19:54.030Z","99","5930","5962"
"86.57.174.152","elite","AS6697","BY","Republican Unitary Telecommunication Enterprise Beltelecom","50","Byfly Grodno Static","41455","socks4","5006","1","2024-02-06T17:19:54.135Z","100","5952","5980"
"210.4.194.196","elite","AS13445","SG","Cisco Webex LLC","298","Webex Communications Inc","80","socks5","4384","1","2024-02-06T17:19:54.034Z","99","5871","5918"
"181.66.37.78","elite","AS6147","PE","Telefonica del Peru S.A.A.","185","Telefonica del Peru S.A.A","4153","socks4","3096","1","2024-02-06T17:19:54.035Z","69","4135","5950"
"51.77.116.174","elite","AS16276","GB","OVH SAS","9","OVH Ltd","28046","socks5","5295","1","2024-02-06T17:19:54.138Z","100","6005","6007"
"94.28.14.70","elite","AS24588","RU","Enforta-KUR","72","N/A","4145","socks4","4698","1","2024-02-06T17:19:54.037Z","98","5972","6072"
"43.153.174.137","elite","AS132203","JP","Shenzhen Tencent Computer Systems Company Limited","268","Tencent Cloud Computing","443","socks5","1008","1","2024-02-06T17:19:53.208Z","99","5786","5874"
"103.12.246.109","elite","AS134941","IN","Instant Cable Network PVT LTD","188","Instant Cable Network PVT LTD","4145","socks4","517","2","2024-02-06T17:19:54.026Z","99","6005","6053"
"213.157.243.196","elite","AS21283","SI","A1 Slovenija","35","A1 Slovenija telekomunikacijske storitve, d.d.","5678","socks4","4408","81","2024-02-06T17:19:53.212Z","75","4496","6015"
"202.165.47.65","elite","AS17538","ID","Circlecom","193","N/A","5678","socks4","383","1","2024-02-06T17:19:53.307Z","99","6002","6034"
"178.128.21.246","elite","AS14061","SG","DigitalOcean, LLC","150","Digitalocean","56108","socks4","1812","1","2024-02-06T17:19:53.213Z","99","5861","5948"
"117.54.201.91","elite","AS9340","ID","PT IndoInternet","176","N/A","9340","socks5","4997","1","2024-02-06T17:19:53.212Z","83","4988","6017"
"72.167.55.195","elite","AS26496","US","GoDaddy.com, LLC","135","GoDaddy.com, LLC","28426","socks4","2296","1","2024-02-06T17:19:53.206Z","100","5922","5924"
"47.105.126.142","elite","AS37963","CN","Hangzhou Alibaba Advertising Co","258","Aliyun Computing Co., LTD","80","socks4","4105","1","2024-02-06T17:19:53.209Z","90","5395","6000"
"103.70.159.152","elite","AS133720","IN","speednet","182","N/A","5678","socks4","4394","1","2024-02-06T17:19:53.208Z","99","6018","6077"
"51.89.14.193","elite","AS16276","GB","OVH SAS","11","OVH GmbH","8080","socks5","1995","1","2024-02-06T17:19:53.308Z","51","3050","5934"
"197.234.13.55","elite","AS36902","SC","Intelvision","176","Intelvision Ltd","4145","socks4","5202","1","2024-02-06T17:19:49.238Z","99","6031","6065"
"185.220.226.199","elite","AS205585","TR","Noyan Abr Arvan Co. ( Private Joint Stock)","119","Noyan Abr Arvan Co. ( Private Joint Stock)","808","socks4","4609","1","2024-02-06T17:19:49.239Z","84","5033","5975"
"110.172.137.20","elite","AS133647","IN","worldphone","183","N/A","4673","socks4","4692","1","2024-02-06T17:19:49.330Z","91","5428","5933"
"119.10.177.90","elite","AS24530","ID","PT. Power Telecom Indonesia","167","Powertel","4145","socks4","4688","1","2024-02-06T17:19:49.237Z","96","5766","6011"
"38.127.179.211","elite","AS174","US","Cogent Communications","78","Torlandia Trading SRL","46656","socks4","1590","82","2024-02-06T17:19:44.343Z","100","5995","6002"
"180.183.103.63","elite","AS45629","TH","Triple T Broadband Public Company Limited","202","Triple T Broadband Public Company Limited","4153","socks4","4696","1","2024-02-06T17:19:44.432Z","94","5766","6104"
"110.78.149.12","elite","AS131090","TH","CAT-BB","285","N/A","4145","socks4","3904","1","2024-02-06T17:19:42.916Z","67","4050","6068"
"185.171.52.101","elite","AS44285","IR","Sefroyek Pardaz Engineering Co. LTD","103","Shahrad","4153","socks4","1788","1","2024-02-06T17:19:42.913Z","97","5841","6043"
"103.120.133.141","elite","AS38235","KH","Angkor Data Communication","180","Mekongnet PLN","5678","socks4","143","1","2024-02-06T17:19:42.914Z","99","5845","5929"
"104.238.205.68","elite","AS23470","US","ReliableSite.Net LLC","105","ReliableSite.Net LLC","4003","socks4","3301","1","2024-02-06T17:19:42.918Z","76","4616","6059"
"173.236.181.192","elite","AS26347","US","New Dream Network, LLC","79","New Dream Network, LLC","24310","socks5","4500","1","2024-02-06T17:19:42.915Z","100","5938","5948"
"27.123.1.37","elite","AS45706","ID","PT Tele Globe Global","189","N/A","4153","socks4","893","1","2024-02-06T17:19:42.918Z","99","5973","6008"
"2.139.2.212","elite","AS3352","ES","RIMA (Red IP Multi Acceso)","27","N/A","4145","socks4","994","1","2024-02-06T17:19:39.731Z","99","5952","6014"
"51.83.135.35","elite","AS16276","PL","OVH SAS","121","OVH Sp. z o. o","2846","socks4","4000","1","2024-02-06T17:19:39.733Z","92","5507","5963"
"36.91.233.114","elite","AS7713","ID","PT Telekomunikasi Indonesia","221","Telekomunikasi Indonesia","5678","socks4","156","1","2024-02-06T17:19:39.736Z","97","5801","5998"
"41.215.33.186","elite","AS15808","KE","ACCESSKENYA","197","N/A","15808","socks4","4802","1","2024-02-06T17:19:34.931Z","42","2535","6002"
"36.95.48.45","elite","AS7713","ID","PT. Telekomunikasi Indonesia","222","Telekomunikasi Indonesia","1080","socks4","4706","1","2024-02-06T17:19:34.932Z","98","5997","6093"
"103.83.105.167","elite","AS134290","IN","Arrow Touch Wireless Internet Private Limited","197","Arrow Touch Wireless Internet Private Limited","4153","socks4","3906","1","2024-02-06T17:19:34.928Z","93","5558","5989"
"119.15.90.78","elite","AS24492","KH","WiCAM Corporation Ltd","189","WiCAM Corporation, LTD","5678","socks4","3183","1","2024-02-06T17:19:34.933Z","86","5048","5863"
"187.85.154.18","elite","AS53062","BR","Ggnet Telecom Backbone","288","Ggnet Telecom Backbone","5678","socks4","3401","1","2024-02-06T17:19:34.929Z","99","5825","5861"
"103.132.0.161","elite","AS138276","IN","Typhoon Communication Pvt. Ltd","138","Typhoon Communication Pvt Ltd","5678","socks4","606","1","2024-02-06T17:19:34.836Z","87","5292","6083"
"45.196.151.134","elite","AS7018","US","AT&T Services, Inc.","93","AQUA Networks Limited","5432","socks4","993","1","2024-02-06T17:19:33.611Z","98","5928","6028"
"200.29.176.172","elite","AS6429","CL","Telmex Chile Internet S.A.","285","Telmex Servicios Empresariales S.A","4145","socks4","247","1","2024-02-06T17:19:33.610Z","100","6059","6088"
"197.234.13.49","elite","AS36902","SC","Intelvision","181","Intelvision Ltd","4145","socks4","1681","1","2024-02-06T17:19:33.612Z","99","5957","5999"
"186.251.255.185","elite","AS267513","BR","Seanet Telecom Carazinho Eireli","206","Seanet Telecom Carazinho Eireli","31337","socks4","3601","1","2024-02-06T17:19:30.231Z","99","5915","5945"
"157.245.140.55","elite","AS14061","US","DigitalOcean, LLC","100","DigitalOcean, LLC","35965","socks5","907","1","2024-02-06T17:19:30.232Z","95","5759","6035"
"110.78.146.190","elite","AS131090","TH","CAT-BB","283","N/A","4145","socks4","4396","81","2024-02-06T17:19:30.227Z","80","4773","5950"
"89.237.35.129","elite","AS20485","RU","multi-origin SUTTK","77","N/A","51549","socks4","2297","85","2024-02-06T17:19:30.236Z","99","5873","5910"
"103.105.40.13","elite","AS137143","IN","Minnal Digital Network Private Limited","153","Minnal Digital Network Private Limited","4145","socks4","395","1","2024-02-06T17:19:30.234Z","100","6044","6071"
"49.0.32.177","elite","AS38744","BD","Always On Network Bangladesh Ltd.","197","Always On Network Bangladesh Ltd","10801","socks4","4996","1","2024-02-06T17:19:24.239Z","97","5834","6019"
"103.79.96.202","elite","AS64308","ID","PT IndoDev Niaga Internet","168","PT IndoDev Niaga Internet","4153","socks4","4497","1","2024-02-06T17:19:24.234Z","100","6056","6065"
"54.38.94.26","elite","AS16276","FR","OVH SAS","8","OVH","17809","socks4","4992","1","2024-02-06T17:19:24.243Z","100","6043","6061"
"103.109.56.221","elite","AS138640","BD","HelloTech Limited","170","Hello Tech Limited","1080","socks4","914","1","2024-02-06T17:19:24.008Z","78","4617","5957"
"104.27.15.161","elite","AS13335","CA","Cloudflare, Inc.","9","Cloudflare, Inc.","80","socks4","3399","1","2024-02-06T17:19:24.009Z","100","5933","5933"
"167.86.76.187","elite","AS51167","DE","Contabo GmbH","17","Contabo GmbH","7497","socks5","384","1","2024-02-06T17:19:24.104Z","79","4701","5987"
"154.117.212.18","elite","AS327799","BI","2G+3G+4G","216","N/A","5678","socks4","2498","1","2024-02-06T17:19:24.236Z","99","5834","5921"
"43.134.188.89","elite","AS132203","SG","Aceville Pte.ltd","394","N/A","38279","socks4","2690","1","2024-02-06T17:19:24.244Z","89","5319","5995"
"87.250.109.174","elite","AS35567","BA","DASTO Semtel doo","91","N/A","8080","socks4","4202","1","2024-02-06T17:19:24.105Z","99","5904","5980"
"5.172.188.93","elite","AS60279","PL","Gmina Miasta Elk","41","N/A","5678","socks4","5092","1","2024-02-06T17:19:19.641Z","100","6040","6068"
"45.7.176.78","elite","AS266626","BR","Litoral Telecom","181","Litoral Telecom","52246","socks4","3795","1","2024-02-06T17:19:19.432Z","99","5949","6024"
"193.34.45.179","elite","AS199201","PL","SPI-NET Norbert Nowicki","35","SPI","5678","socks5","1305","1","2024-02-06T17:19:19.528Z","100","5939","5947"
"159.65.245.126","elite","AS14061","US","DigitalOcean, LLC","85","Digital Ocean","7497","socks5","1998","1","2024-02-06T17:19:19.434Z","99","5930","6011"
"139.159.48.155","elite","AS63199","CN","CDS Global Cloud Co., Ltd","278","Beijing capitalonline data service co., LTD","39593","socks4","389","1","2024-02-06T17:19:19.438Z","99","5977","6013"
"37.187.143.172","elite","AS16276","FR","OVH SAS","6","OVH SAS","47016","socks5","3995","1","2024-02-06T17:19:19.436Z","90","5304","5899"
"202.159.19.213","elite","AS9340","ID","PT IndoInternet","188","N/A","443","socks4","402","1","2024-02-06T17:19:14.119Z","100","6018","6029"
"31.170.19.5","elite","AS42099","LV","DNET ITRisinajumi Ltd.","46","Sia Nano IT","4153","socks4","4893","1","2024-02-06T17:19:14.020Z","100","6001","6021"
"202.148.22.106","elite","AS9794","ID","PT. Core Mediatech","200","Dnet","5678","socks4","3590","91","2024-02-06T17:19:14.446Z","99","5934","6004"
"119.13.125.238","elite","AS136907","HK","Huawei International Pte. LTD","283","N/A","1080","socks5","4696","1","2024-02-06T17:19:14.021Z","98","5899","6043"
"89.43.5.134","elite","AS50810","IR","Mobin Net Communication Company (Private Joint Stock)","366","Mobin Net Communication Company","3629","socks4","4602","1","2024-02-06T17:19:14.537Z","95","5780","6101"
"1.116.150.186","elite","AS45090","CN","China Internet Network Information Center","211","Tencent cloud computing (Beijing) Co., Ltd.","33333","socks5","4108","1","2024-02-06T17:19:14.105Z","89","5338","6029"
"27.147.221.140","elite","AS23688","BD","Link3 Technologies Limited","190","Retail Subscriber","5678","socks4","5107","1","2024-02-06T17:19:14.536Z","63","3747","5954"
"51.38.231.41","elite","AS16276","FR","OVH SAS","6","OVH","80","socks4","1098","1","2024-02-06T17:19:14.102Z","63","3776","6025"
"95.182.78.6","elite","AS50648","UA","PE UAinet","59","PE UAinet","5678","socks4","2714","1","2024-02-06T17:19:14.445Z","100","6004","6032"
"209.143.1.244","elite","AS7106","US","Com Net, Inc","94","Com","80","socks4","4905","1","2024-02-06T17:19:09.740Z","100","5994","6018"
"190.109.72.33","elite","AS264231","BR","RG.COM - INFORMATICA & COMUNICACAO LTDA - ME","290","RG.COM - INFORMATICA & COMUNICACAO LTDA - ME","33633","socks4","147","90","2024-02-06T17:19:09.742Z","99","5961","6014"
"147.139.133.15","elite","AS45102","ID","Alibaba.com LLC","164","ALICLOUD-ID","61524","socks5","5101","1","2024-02-06T17:19:09.837Z","100","5982","5990"
"5.130.185.31","elite","AS31200","RU","Novotelecom Ltd","100","Novotelecom ltd.","10801","socks5","318","1","2024-02-06T17:19:09.836Z","70","4230","6008"
"115.171.90.145","elite","AS4847","CN","China Networks Inter-Exchange","168","Chinanet Cdma","8881","socks4","5097","3","2024-02-06T17:19:09.734Z","50","3011","5968"
"103.31.84.122","elite","AS7642","MV","Dhiraagu Pvt.Ltd","168","Dhivehi Raajjeyge Gulhun Plc","1080","socks4","5003","1","2024-02-06T17:19:09.732Z","99","6069","6105"
"171.248.245.94","elite","AS7552","VN","Viettel Corporation","249","VIETEL","5678","socks4","157","1","2024-02-06T17:19:04.024Z","64","3839","5968"
"202.52.237.117","elite","AS4613","NP","Mercantile Office Systems","212","Mercantile Communications Pvt Ltd","8080","socks4","721","1","2024-02-06T17:19:04.544Z","99","5895","5933"
"75.119.206.48","elite","AS26347","US","New Dream Network, LLC","151","New Dream Network, LLC","15745","socks4","521","1","2024-02-06T17:19:04.536Z","70","4266","6053"
"43.153.52.155","elite","AS132203","US","Shenzhen Tencent Computer Systems Company Limited","152","Tencent Cloud Computing","443","socks4","4799","1","2024-02-06T17:19:04.023Z","83","5005","6038"
"117.24.80.210","elite","AS4134","CN","Chinanet","235","Chinanet FJ","3829","socks4","3103","1","2024-02-06T17:19:04.543Z","58","3498","6010"
"46.99.188.13","elite","AS21246","AL","IPKO Telecommunications LLC","51","N/A","42551","socks4","8887","1","2024-02-06T17:19:04.534Z","53","3232","6060"
"92.222.237.74","elite","AS16276","FR","OVH SAS","6","LCC LCC","8888","socks5","3391","2","2024-02-06T17:19:04.021Z","100","6029","6029"
"103.209.230.193","elite","AS60781","TM","WIMS1","10","N/A","4153","socks4","2295","92","2024-02-06T17:19:04.120Z","78","4685","6029"
"131.0.87.225","elite","AS262420","BR","Cabonnet Internet Ltda","216","Cabonnet Internet Ltda","52017","socks4","4494","1","2024-02-06T17:18:59.631Z","97","5868","6032"
"177.72.82.47","elite","AS262543","BR","Brmom Construindo Conexoes Ltda","236","Brmom Construindo Conexoes Ltda","4153","socks4","395","1","2024-02-06T17:18:59.629Z","99","5948","5986"
"143.198.237.236","elite","AS14061","US","DigitalOcean, LLC","150","DigitalOcean, LLC","9050","socks5","4006","1","2024-02-06T17:18:59.641Z","80","9904","12445"
"110.78.151.213","elite","AS131090","TH","CAT-BB","297","N/A","4145","socks4","3304","1","2024-02-06T17:18:55.440Z","71","4229","5930"
"203.223.44.102","elite","AS17726","KH","Telecom Cambodia (T.C.)","268","N/A","53945","socks4","4406","1","2024-02-06T17:18:55.339Z","94","5710","6064"
"181.215.47.60","elite","AS397423","US","Tier.Net Technologies LLC","112","Ipxo","3389","socks4","2295","3","2024-02-06T17:18:54.109Z","71","4231","5981"
"185.14.149.225","elite","AS61233","PL","Enformatel Sp. z o.o.","43","Enformatel Sp. z o.o","4145","socks4","841","81","2024-02-06T17:18:54.108Z","99","6072","6105"
"103.70.206.65","elite","AS135712","IN","Euron Communications Pvt. Ltd","166","Euron Communications Pvt. Ltd.","59311","socks4","4994","1","2024-02-06T17:18:53.920Z","100","6060","6090"
"43.153.16.230","elite","AS132203","US","Shenzhen Tencent Computer Systems Company Limited","186","Tencent Cloud Computing","443","socks4","4791","1","2024-02-06T17:18:53.921Z","84","5041","5970"
"61.7.138.71","elite","AS131090","TH","CAT Telecom Public Company Limited","292","National Telecom Public Company Limited","4145","socks4","331","1","2024-02-06T17:18:53.918Z","90","5323","5912"
"14.207.117.32","elite","AS45629","TH","Triple T Broadband Public Company Limited","166","Triple T Broadband Public Company Limited","4153","socks4","3304","1","2024-02-06T17:18:50.530Z","99","5943","6025"
"65.21.150.198","elite","AS24940","FI","Hetzner Online GmbH","42","Hetzner","3068","socks4","5010","85","2024-02-06T17:18:50.630Z","100","6105","6108"
"80.232.253.108","elite","AS12578","LV","LATTELEKOM","43","Bridge Group","4153","socks4","5105","1","2024-02-06T17:18:50.526Z","100","6093","6096"
"160.202.41.194","elite","AS9341","ID","Jakarta 5 8 Iconpln","175","N/A","4153","socks4","3711","1","2024-02-06T17:18:50.532Z","99","5903","5989"
"117.111.251.102","elite","AS9316","KR","DACOM-PUBNETPLUS","289","Pubnetplus","8081","socks4","807","1","2024-02-06T17:18:45.436Z","99","5935","6007"
"185.202.113.232","elite","AS212552","DE","BitCommand LLC","22","BitCommand","3001","socks4","2701","1","2024-02-06T17:18:45.437Z","100","5959","5971"
"77.79.187.74","elite","AS24955","RU","JSC \"Ufanet\"","70","JSC Ufanet","8080","socks4","4005","1","2024-02-06T17:18:44.505Z","100","5905","5928"
"176.58.121.182","elite","AS63949","GB","Akamai Technologies, Inc.","13","Linode","3128","socks5","3797","1","2024-02-06T17:18:44.404Z","85","5036","5956"
"114.99.1.157","elite","AS4134","CN","Chinanet","288","Chinanet AH","8004","socks4","4998","1","2024-02-06T17:18:44.406Z","64","3789","5943"
"139.162.46.64","elite","AS63949","SG","Akamai Technologies, Inc.","153","Linode, LLC","8080","socks5","2883","1","2024-02-06T17:18:44.407Z","99","5945","6009"
"45.77.194.89","elite","AS20473","US","The Constant Company","105","Vultr Holdings, LLC","38869","socks5","904","1","2024-02-06T17:18:40.734Z","99","5952","5986"
"190.145.120.182","elite","AS14080","CO","Telmex Colombia S.A.","150","Telmex Colombia S.A.","5678","socks4","5004","1","2024-02-06T17:18:40.733Z","98","5917","6034"
"5.58.53.216","elite","AS16223","UA","Columbus","40","Lanet Network Ltd","1085","socks4","4607","1","2024-02-06T17:18:40.728Z","97","5871","6060"
"46.23.53.164","elite","AS197296","CZ","MAXTEL s.r.o. 1","28","MAXTEL s.r.o.","3629","socks4","1802","1","2024-02-06T17:18:40.639Z","100","5966","5982"
"144.202.62.103","elite","AS20473","US","The Constant Company","97","Vultr Holdings, LLC","10119","socks5","4812","1","2024-02-06T17:18:40.730Z","53","3155","5909"
"185.66.59.192","elite","AS200509","ES","Solucions Valencianes i Noves Tecnologies SL","81","Svint","42647","socks4","4507","1","2024-02-06T17:18:40.732Z","94","5715","6069"
"91.210.98.61","elite","AS50712","RU","Kavkaz Internet Service Ltd.","68","Kavkaz Internet Service Ltd.","4145","socks4","1516","2","2024-02-06T17:18:40.928Z","99","5956","5998"
"103.38.205.3","elite","AS45916","IN","gtpl hariom world vision","131","Gtpl Broadband Pvt. Ltd.","45916","socks4","5003","1","2024-02-06T17:18:40.638Z","100","5965","5989"
"178.128.49.205","elite","AS14061","SG","DigitalOcean, LLC","174","Digitalocean","80","socks4","5013","1","2024-02-06T17:18:40.642Z","100","5979","5985"
"168.227.158.17","elite","AS52898","BR","Multipla Serviços Inteligentes","228","Multipla Serviços Inteligentes","4145","socks4","4497","1","2024-02-06T17:18:34.345Z","99","5975","6025"
"104.20.75.69","elite","AS13335","CA","Cloudflare, Inc.","3","Cloudflare, Inc.","80","socks5","1515","2","2024-02-06T17:18:34.340Z","100","5960","5960"
"43.153.177.137","elite","AS132203","JP","Shenzhen Tencent Computer Systems Company Limited","237","Tencent Cloud Computing","13220","socks4","3713","1","2024-02-06T17:18:34.909Z","98","5830","5970"
"120.24.52.179","elite","AS37963","CN","Hangzhou Alibaba Advertising Co","284","Aliyun Computing Co., LTD","3128","socks5","4987","1","2024-02-06T17:18:34.343Z","86","5174","6039"
"161.35.229.155","elite","AS14061","US","DigitalOcean, LLC","187","DigitalOcean, LLC","61658","socks5","5005","1","2024-02-06T17:18:34.911Z","100","6020","6029"
"81.184.13.123","elite","AS6739","ES","Ono","38","AUNA - CTC, Internet de Banda Ampla, CableModem","80","socks4","185","1","2024-02-06T17:18:34.431Z","99","5980","6014"
"149.202.76.10","elite","AS16276","FR","OVH SAS","6","OVH","55904","socks5","4600","1","2024-02-06T17:18:34.427Z","92","5439","5888"
"36.255.104.17","elite","AS136238","MV","SatLink Pvt Ltd","190","N/A","1080","socks4","258","1","2024-02-06T17:18:29.728Z","100","6003","6033"
"186.126.33.174","elite","AS7303","AR","Telecom Argentina S.A.","398","Telecom Personal Bs","1080","socks5","5097","1","2024-02-06T17:18:29.730Z","40","2377","6015"
"171.248.37.225","elite","AS7552","VN","Viettel Corporation","246","VIETEL","5678","socks4","4194","86","2024-02-06T17:18:29.733Z","83","4945","5981"
"188.165.231.180","elite","AS16276","FR","OVH SAS","5","OVH ISP","55654","socks4","5010","1","2024-02-06T17:18:29.927Z","100","5999","5999"
"186.208.65.114","elite","AS262740","BR","Veloo NET Ltda","173","S.M.C Redes e Informatica LTDA","4153","socks4","3592","1","2024-02-06T17:18:29.727Z","10","574","6026"
"36.37.104.98","elite","AS4800","ID","LINTASARTA","193","N/A","34040","socks4","3195","1","2024-02-06T17:18:29.641Z","99","6060","6110"
"185.162.228.154","elite","AS209242","GB","Cloudflare London, LLC","11","Softconstruct Limited","80","socks5","2411","1","2024-02-06T17:18:29.639Z","100","6042","6043"
"103.3.77.204","elite","AS9341","ID","PT.Indonesia Comnets Plus","285","N/A","5678","socks4","4286","1","2024-02-06T17:18:25.307Z","98","5792","5901"
"194.87.58.16","elite","AS208685","NL","Serverius Holding B.V.","15","VictoryWillbeours","80","socks4","2699","1","2024-02-06T17:18:25.305Z","100","5957","5957"
"159.89.173.152","elite","AS14061","IN","DigitalOcean, LLC","194","DigitalOcean, LLC","49467","socks5","1201","1","2024-02-06T17:18:25.307Z","100","5967","5972"
"88.119.204.62","elite","AS8764","LT","Telia Lietuva, AB","42","Telia Lietuva, AB","4153","socks4","4794","3","2024-02-06T17:18:25.404Z","100","5917","5920"
"177.38.5.147","elite","AS52964","BR","FÁBIO MENDES DIAS LTDA ME","199","FÁBIO MENDES DIAS LTDA ME","4153","socks4","3603","1","2024-02-06T17:18:25.221Z","89","5263","5926"
"107.174.121.140","elite","AS36352","US","ColoCrossing","114","RackNerd LLC","3128","socks4","3894","1","2024-02-06T17:18:24.742Z","80","4702","5890"
"103.79.96.217","elite","AS64308","ID","PT IndoDev Niaga Internet","182","PT IndoDev Niaga Internet","4153","socks4","692","1","2024-02-06T17:18:24.837Z","100","5959","5974"
"93.158.202.194","elite","AS50673","NL","Serverius Holding B.V.","15","Serveriuscustomer","50673","socks5","813","1","2024-02-06T17:18:24.830Z","90","5321","5938"
"113.53.29.228","elite","AS23969","TH","TOT Public Company Limited","160","TOT Public Company Limited","13629","socks4","954","3","2024-02-06T17:18:24.739Z","100","5922","5948"
"182.253.31.83","elite","AS17451","ID","BIZNET","177","N/A","8080","socks4","4203","1","2024-02-06T17:18:20.035Z","98","5871","5965"
"212.79.107.116","elite","AS8251","CZ","Neutral czFree eXchange members","26","Heaven - CZFree.Net, spol. s r.o.","5678","socks4","3793","1","2024-02-06T17:18:19.938Z","99","6003","6050"
"128.199.149.20","elite","AS14061","SG","DigitalOcean, LLC","149","DigitalOcean, LLC","64830","socks5","4294","82","2024-02-06T17:18:19.936Z","100","5871","5875"
"104.25.42.178","elite","AS13335","CA","Cloudflare, Inc.","3","Cloudflare, Inc.","80","socks4","2907","1","2024-02-06T17:18:15.030Z","100","5935","5935"
"217.27.149.190","elite","AS28994","UA","Sitel Ltd","44","Uasitel2","4153","socks4","4402","1","2024-02-06T17:18:15.041Z","29","1789","6127"
"5.187.4.208","elite","AS44066","ES","First Colo","12","Fornex Hosting S.L","39767","socks4","5100","93","2024-02-06T17:18:15.043Z","99","5986","6018"
"202.159.35.161","elite","AS9340","ID","PT IndoInternet","163","N/A","443","socks4","2187","1","2024-02-06T17:18:15.519Z","99","6004","6040"
"51.210.43.253","elite","AS16276","FR","OVH SAS","82","OVH","7497","socks5","4294","3","2024-02-06T17:18:15.412Z","99","5926","5961"
"178.128.151.87","elite","AS14061","US","DigitalOcean, LLC","82","Digitalocean","40081","socks5","642","2","2024-02-06T17:18:15.028Z","100","6014","6038"
"85.25.103.138","elite","AS8972","FR","Host Europe GmbH","91","Host Europe GmbH","1080","socks4","309","1","2024-02-06T17:18:15.034Z","100","6077","6080"
"114.99.14.240","elite","AS4134","CN","Chinanet","219","Chinanet AH","8004","socks4","3410","2","2024-02-06T17:18:15.416Z","64","3795","5923"
"114.5.196.209","elite","AS4761","ID","PT. INDOSAT Tbk","214","PT. INDOSAT Tbk","1081","socks4","3991","1","2024-02-06T17:18:15.417Z","86","5101","5940"
"82.77.129.205","elite","AS8708","RO","RCS & RDS","33","RCS & RDS Business","5678","socks4","4814","1","2024-02-06T17:18:15.412Z","89","5377","6035"
"24.147.144.221","elite","AS7015","US","Comcast Cable Communications","107","Comcast Cable Communications Holdings, Inc","15280","socks5","3588","1","2024-02-06T17:18:15.032Z","100","5878","5883"
"202.159.107.1","elite","AS9340","ID","PT IndoInternet","222","N/A","443","socks4","4102","1","2024-02-06T17:18:14.941Z","100","5987","6001"
"139.59.66.145","elite","AS14061","IN","DigitalOcean, LLC","136","DigitalOcean, LLC","41458","socks5","396","1","2024-02-06T17:18:10.042Z","100","5995","6006"
"139.255.86.226","elite","AS9905","ID","PT. LINKNET","328","N/A","5678","socks4","2108","1","2024-02-06T17:18:10.043Z","93","5622","6072"
"24.205.10.252","elite","AS20115","US","Charter Communications","150","Spectrum","30333","socks4","1896","1","2024-02-06T17:18:10.036Z","100","5993","6000"
"5.161.100.145","elite","AS213230","US","Hetzner Online GmbH","81","HETZNER-DC","1080","socks5","4883","2","2024-02-06T17:18:05.228Z","83","4906","5882"
"186.224.225.98","elite","AS53171","BR","Path Telecom S.A.","210","Path Telecom S.A","4145","socks4","5126","1","2024-02-06T17:18:05.241Z","100","6039","6055"
"173.249.2.186","elite","AS51167","DE","Contabo GmbH","16","Contabo GmbH","45708","socks4","219","82","2024-02-06T17:18:05.622Z","100","5945","5948"
"192.95.29.34","elite","AS16276","CA","OVH SAS","90","OVH Hosting, Inc.","54610","socks4","710","1","2024-02-06T17:18:05.343Z","92","5518","6004"
"98.111.251.101","elite","AS701","US","Verizon Business","93","Verizon Business","1585","socks4","1197","1","2024-02-06T17:18:05.243Z","99","5864","5939"
"128.199.114.180","elite","AS14061","SG","DigitalOcean, LLC","150","DigitalOcean, LLC","7497","socks5","1999","1","2024-02-06T17:18:05.520Z","29","1708","5892"
"36.92.77.241","elite","AS7713","ID","Telekomunikasi Indonesia","280","Temporary","5678","socks4","4900","1","2024-02-06T17:18:05.240Z","73","4428","6043"
"136.144.237.16","elite","AS20857","NL","TransIP BV","17","N/A","5836","socks4","3095","1","2024-02-06T17:18:05.517Z","100","5986","6002"
"184.168.146.10","elite","AS26496","US","GoDaddy.com, LLC","135","GoDaddy.com, LLC","31661","socks5","4001","1","2024-02-06T17:18:05.341Z","97","5765","5974"
"138.36.150.25","elite","AS263729","AR","Pedraza Luis Eduardo","286","Pedraza Luis Eduardo","1080","socks4","4713","1","2024-02-06T17:18:05.518Z","92","5466","5967"
"51.222.84.118","elite","AS16276","CA","OVH SAS","90","OVH Hosting, Inc.","21777","socks4","5175","1","2024-02-06T17:18:05.342Z","100","5975","5976"
"103.70.159.142","elite","AS133720","IN","speednet","182","N/A","5678","socks4","6609","1","2024-02-06T17:18:00.243Z","99","6040","6098"
"45.70.30.196","elite","AS267574","BR","Eltecweb Provedor De Internet Ltda","292","Eltecweb Provedor De Internet Ltda","5566","socks4","3790","1","2024-02-06T17:18:00.241Z","99","5972","6008"
"206.189.200.62","elite","AS14061","US","DigitalOcean, LLC","82","DigitalOcean, LLC","13110","socks4","3892","1","2024-02-06T17:17:55.316Z","100","6059","6081"
"182.16.191.202","elite","AS17995","ID","PT iForte Global Internet","765","N/A","5678","socks4","4597","1","2024-02-06T17:17:55.317Z","72","4266","5963"
"198.199.122.10","elite","AS14061","US","DigitalOcean, LLC","94","DigitalOcean, LLC","3128","socks4","4405","1","2024-02-06T17:17:55.315Z","97","5805","5971"
"185.171.54.30","elite","AS44285","IR","Shahrad","101","N/A","4153","socks4","3201","79","2024-02-06T17:17:55.436Z","96","5701","5925"
"91.135.80.66","elite","AS43513","LV","Sia Nano IT","100","SIA Infonet Sistemas","33427","socks5","4905","2","2024-02-06T17:17:55.517Z","100","5996","6020"
"5.9.169.87","elite","AS24940","DE","Hetzner Online GmbH","22","Enterbrain Software GmbH","30000","socks4","2194","1","2024-02-06T17:17:55.345Z","100","6002","6018"
"103.220.205.162","elite","AS59362","BD","KS Network","169","Nazmul Karim Bhuiyan","4673","socks4","5093","1","2024-02-06T17:17:55.404Z","96","5730","5973"
"192.210.196.222","elite","AS36352","US","ColoCrossing","141","RackNerd LLC","10800","socks4","1603","1","2024-02-06T17:17:55.341Z","99","5881","5958"
"139.59.84.117","elite","AS14061","IN","DIGITALOCEAN","130","DigitalOcean, LLC","52125","socks4","4706","1","2024-02-06T17:17:55.344Z","76","4500","5930"
"190.14.229.242","elite","AS27951","CO","Media Commerce Partners S.A","141","Diversiones Del Oriente","5678","socks4","4210","1","2024-02-06T17:17:50.743Z","99","6007","6061"
"5.189.130.207","elite","AS51167","DE","Contabo GmbH","17","Contabo GmbH","10036","socks4","1503","1","2024-02-06T17:17:50.739Z","99","5966","6007"
"185.207.205.134","elite","AS204196","NL","Abelohost BV","18","Abelohost","8001","socks4","4996","1","2024-02-06T17:17:50.745Z","100","6039","6051"
"50.116.8.96","elite","AS63949","US","Akamai Technologies, Inc.","150","Linode","17477","socks5","5096","1","2024-02-06T17:17:45.805Z","100","5932","5940"
"49.49.74.204","elite","AS45629","TH","Triple T Broadband Public Company Limited","174","Triple T Broadband Public Company Limited","5678","socks4","3808","1","2024-02-06T17:17:45.538Z","99","5922","5990"
"51.15.187.125","elite","AS12876","FR","SCALEWAY","6","ONLINE","5836","socks4","3012","1","2024-02-06T17:17:45.708Z","100","5953","5953"
"103.19.129.137","elite","AS132566","IN","Skynet Internet Broadband Pvt. Ltd","125","N/A","83","socks4","1403","1","2024-02-06T17:17:45.708Z","99","5957","6026"
"177.105.67.205","elite","AS262637","BR","Netprimus Tecnologia Ltda","167","Refrescos Guararapes Ltda","4153","socks4","2888","2","2024-02-06T17:17:45.705Z","100","6022","6043"
"46.227.37.1","elite","AS51155","PL","Telemedian - TB Telecom","41","Telemedian","1088","socks4","4896","1","2024-02-06T17:17:45.931Z","100","6045","6063"
"104.251.224.95","elite","AS140042","HK","Prime Security Corp","205","Ctcsci Tech Limited","53384","socks5","2615","1","2024-02-06T17:17:45.709Z","23","1356","6004"
"192.169.197.146","elite","AS398101","US","GoDaddy.com, LLC","199","GoDaddy.com, LLC","55137","socks5","2592","1","2024-02-06T17:17:45.705Z","99","5876","5910"
"197.234.13.30","elite","AS36902","SC","Intelvision","172","Intelvision Ltd","4145","socks4","2903","1","2024-02-06T17:17:45.629Z","99","6016","6060"
"208.113.155.176","elite","AS26347","US","New Dream Network, LLC","79","New Dream Network, LLC","12886","socks4","4002","1","2024-02-06T17:17:45.539Z","100","5979","5989"
"177.125.160.69","elite","AS262346","BR","FP Telecomunicacoes Ltda","297","FP Telecomunicacoes Ltda","4145","socks4","4306","1","2024-02-06T17:17:45.703Z","73","4397","6043"
"110.185.102.103","elite","AS38283","CN","CHINANET SiChuan Telecom Internet Data Center","298","Chinanet SC","51800","socks4","2603","1","2024-02-06T17:17:45.541Z","85","5067","5969"
"103.47.93.213","elite","AS134058","IN","Broban Internet Services Pvt.ltd","168","Broban  PVT Ltd.","1080","socks4","4690","1","2024-02-06T17:17:45.533Z","99","5990","6036"
"83.168.84.89","elite","AS35179","PL","ESPOL-FH","65","N/A","4153","socks4","3189","1","2024-02-06T17:17:41.137Z","68","4107","6055"
"83.168.84.62","elite","AS35179","PL","ESPOL-FH","65","N/A","4153","socks4","4100","1","2024-02-06T17:17:41.139Z","68","4058","5983"
"126.70.140.73","elite","AS17676","JP","Softbank BB Corp.","290","SOFTBANK Corp","80","socks4","4116","1","2024-02-06T17:17:40.936Z","100","5986","5990"
"106.52.240.130","elite","AS45090","CN","Shenzhen Tencent Computer Systems Company Limited","210","Tencent cloud computing (Beijing) Co., Ltd.","2080","socks4","3997","1","2024-02-06T17:17:40.930Z","76","4539","5979"
"104.22.37.236","elite","AS13335","CA","Cloudflare, Inc.","2","Cloudflare, Inc.","80","socks4","4606","2","2024-02-06T17:17:40.933Z","100","6028","6028"
"182.253.159.19","elite","AS17451","ID","BIZNET","165","N/A","4145","socks4","4518","1","2024-02-06T17:17:40.928Z","97","5889","6046"
"157.245.62.1","elite","AS14061","SG","DigitalOcean, LLC","164","DigitalOcean, LLC","9050","socks4","3209","1","2024-02-06T17:17:40.927Z","100","6003","6019"
"43.153.64.134","elite","AS132203","US","Shenzhen Tencent Computer Systems Company Limited","165","Tencent Cloud Computing","443","socks4","3409","1","2024-02-06T17:17:40.932Z","86","5212","6046"
"104.17.66.69","elite","AS13335","CA","Cloudflare, Inc.","3","Cloudflare, Inc.","80","socks4","2210","82","2024-02-06T17:17:40.844Z","100","6033","6034"
"185.126.40.232","elite","AS49100","IR","Pishgaman Toseeh Ertebatat Company (Private Joint Stock)","137","User","4153","socks4","610","1","2024-02-06T17:17:34.509Z","90","5457","6077"
"221.217.84.154","elite","AS4808","CN","China Unicom Beijing Province Network","190","N/A","23456","socks5","4004","1","2024-02-06T17:17:34.514Z","62","3718","5999"
"61.4.234.239","elite","AS18313","KR","LG HelloVision Corp.","286","HVBuk-incheon","8080","socks5","573","2","2024-02-06T17:17:34.507Z","93","5636","6082"
"104.129.199.34","elite","AS22616","US","ZSCALER, INC.","136","Zscaler, Inc.","8800","socks4","3808","3","2024-02-06T17:17:34.641Z","97","5775","5946"
"46.105.108.208","elite","AS16276","FR","OVH SAS","5","OVH ISP","28477","socks5","4603","1","2024-02-06T17:17:34.808Z","100","6059","6061"
"114.99.13.192","elite","AS4134","CN","Chinanet","230","Chinanet AH","8004","socks5","5687","1","2024-02-06T17:17:34.510Z","61","3715","6124"
"111.223.3.83","elite","AS133989","IN","SBR Telecom Pvt. Ltd","143","SBR Telecom Pvt. Ltd","4145","socks4","2996","1","2024-02-06T17:17:34.734Z","99","6039","6086"
"103.60.138.65","elite","AS134016","IN","Velocity Internet India Private Ltd","151","Velocity Internet India Private Ltd","4153","socks4","4098","1","2024-02-06T17:17:30.037Z","98","5950","6064"
"43.153.175.43","elite","AS132203","JP","Shenzhen Tencent Computer Systems Company Limited","232","Tencent Cloud Computing","443","socks5","5003","1","2024-02-06T17:17:30.034Z","95","5680","5993"
"177.184.67.33","elite","AS52898","BR","Multipla Serviços Inteligentes","227","Multipla Serviços Inteligentes","4145","socks4","2703","2","2024-02-06T17:17:25.030Z","75","4529","6046"
"38.127.172.42","elite","AS174","US","Cogent Communications","78","Torlandia Trading SRL","46656","socks5","700","84","2024-02-06T17:17:25.134Z","100","6016","6022"
"173.236.182.83","elite","AS26347","US","New Dream Network, LLC","79","New Dream Network, LLC","12873","socks5","4102","1","2024-02-06T17:17:25.033Z","100","6064","6071"
"89.186.1.169","elite","AS39716","PL","Artur Sienkiewicz","54","VIP","5678","socks4","3695","1","2024-02-06T17:17:25.136Z","98","5799","5931"
"67.149.165.201","elite","AS12083","US","WideOpenWest Finance LLC","106","Wideopenwest Michigan","9090","socks5","4508","1","2024-02-06T17:17:25.029Z","36","2129","5941"
"190.0.22.34","elite","AS13489","CO","EPM Telecomunicaciones S.A. E.S.P.","153","EPM Telecomunicaciones S.A. E.S.P","61155","socks4","4305","1","2024-02-06T17:17:25.027Z","99","5983","6032"
"182.253.246.31","elite","AS17451","ID","BIZNET","165","N/A","4153","socks4","2215","1","2024-02-06T17:17:24.106Z","98","5797","5906"
"185.108.164.176","elite","AS56503","IR","PJSC \"Badr Rayan Jonoob\"","213","BadrRayan BornaRayan","58154","socks4","1208","1","2024-02-06T17:17:24.110Z","66","3943","5995"
"36.37.244.41","elite","AS38623","KH","VIETTEL (CAMBODIA) PTE., LTD","190","Viettel (cambodia) Pte., Ltd.","5678","socks4","1996","1","2024-02-06T17:17:24.109Z","96","5775","6018"
"1.1.1.177","elite","AS13335","AU","Cloudflare, Inc","3","APNIC and Cloudflare DNS Resolver project","80","socks4","2092","1","2024-02-06T17:17:24.021Z","100","5968","5968"
"119.17.192.97","elite","AS24173","VN","Netnam Corporation","210","NETNAM","1080","socks4","4695","1","2024-02-06T17:17:24.106Z","100","6018","6031"
"201.140.238.230","elite","AS266148","BR","Mais Fibra Telecomunicacao Ltda","194","Mais Fibra Telecomunicacao Ltda","5678","socks4","3683","1","2024-02-06T17:17:24.939Z","100","6003","6029"
"162.255.110.52","elite","AS54755","US","Desert Winds Wireless","195","Desert Winds Wireless Inc","5678","socks4","5009","1","2024-02-06T17:17:20.242Z","100","5938","5953"
"103.109.59.77","elite","AS138640","BD","HelloTech Limited","183","Hello Tech Limited","15108","socks5","4703","1","2024-02-06T17:17:20.345Z","98","5959","6074"
"177.38.5.45","elite","AS52964","BR","FÁBIO MENDES DIAS LTDA ME","201","FÁBIO MENDES DIAS LTDA ME","4153","socks4","4691","2","2024-02-06T17:17:15.430Z","91","5489","6014"
"192.99.35.177","elite","AS16276","CA","OVH SAS","83","OVH Hosting, Inc.","36077","socks4","2695","1","2024-02-06T17:17:15.526Z","58","3423","5906"
"213.149.103.133","elite","AS8585","ME","Crnogorski Telekom a.d.Podgorica","41","T ComServeri","61859","socks5","4788","4","2024-02-06T17:17:15.440Z","100","6008","6018"
"36.94.110.49","elite","AS7713","ID","PT. Telekomunikasi Indonesia","232","Telekomunikasi Indonesia","5678","socks4","4806","1","2024-02-06T17:17:15.434Z","99","5897","5973"
"140.250.95.25","elite","AS4134","CN","Chinanet","184","Chinanet SD","1080","socks4","5090","1","2024-02-06T17:17:15.435Z","67","4050","6009"
"177.223.238.20","elite","AS52559","BR","Novatec Telecom Ltda","214","Novatec Telecom Ltda","4153","socks4","1696","1","2024-02-06T17:17:15.439Z","99","5946","5999"
"213.231.4.181","elite","AS34661","UA","TOV TRK \"Briz\"","53","Briz","8080","socks4","312","1","2024-02-06T17:17:15.345Z","100","5897","5918"
"177.234.212.90","elite","AS52468","EC","Ufinet Panama S.A.","164","N/A","999","socks5","4111","1","2024-02-06T17:17:15.432Z","100","5979","5990"
"161.97.97.231","elite","AS51167","DE","Contabo GmbH","19","Contabo GmbH","10050","socks4","4916","1","2024-02-06T17:17:13.904Z","99","5984","6060"
"110.78.153.94","elite","AS131090","TH","CAT-BB","236","N/A","4145","socks4","3690","1","2024-02-06T17:17:13.720Z","66","3916","5977"
"186.216.195.1","elite","AS52973","BR","YIPI Telecom LTDA.","195","YIPI Telecom LTDA","4153","socks4","219","1","2024-02-06T17:17:13.804Z","100","5986","5991"
"103.47.93.244","elite","AS134058","IN","Broban Internet Services Pvt.ltd","145","Broban  PVT Ltd.","1080","socks4","3296","1","2024-02-06T17:17:13.721Z","99","5974","6017"
"158.140.173.212","elite","AS63859","ID","MYREPUBLIC","290","N/A","44550","socks4","5095","1","2024-02-06T17:17:13.803Z","98","5896","6005"
"85.143.254.20","elite","AS56534","RU","Comfortel Ltd.","41","Comfortel Ltd","8080","socks4","242","1","2024-02-06T17:17:10.638Z","100","6012","6030"
"64.90.52.19","elite","AS26347","US","New Dream Network, LLC","198","New Dream Network, LLC","55552","socks4","1707","1","2024-02-06T17:17:10.643Z","100","6041","6044"
"193.106.57.96","elite","AS42510","UA","Magic Line","46","PE \"Magic-line\"","5678","socks4","1209","1","2024-02-06T17:17:10.737Z","94","5657","6042"
"222.124.130.195","elite","AS7713","ID","Telekomunikasi Indonesia","289","PT. TELKOM INDONESIA","4145","socks4","4416","1","2024-02-06T17:17:10.729Z","81","4888","6024"
"171.234.64.234","elite","AS7552","VN","Viettel Corporation","253","VIETEL","80","socks4","4892","1","2024-02-06T17:17:10.736Z","79","4719","5958"
"168.227.158.25","elite","AS52898","BR","Multipla Serviços Inteligentes","289","Multipla Serviços Inteligentes","4145","socks4","687","1","2024-02-06T17:17:10.732Z","99","6056","6099"
"41.70.12.54","elite","AS37215","MW","MAREN-Infrastructure1","213","N/A","5678","socks4","3605","81","2024-02-06T17:17:10.646Z","79","4747","6009"
"185.171.55.218","elite","AS44285","IR","Shahrad Network","100","N/A","4153","socks4","1505","1","2024-02-06T17:17:10.728Z","96","5888","6102"
"122.70.153.17","elite","AS24138","CN","China TieTong Telecommunications Corporation","303","China TieTong Telecommunications Corporation","24138","socks5","70","1","2024-02-06T17:17:05.638Z","54","3253","6059"
"45.235.151.50","elite","AS268202","BR","F R BRAGA INFORMATICA ME","204","F R BRAGA INFORMATICA ME","3629","socks4","3500","1","2024-02-06T17:17:05.640Z","99","5998","6046"
"45.172.108.53","elite","AS265741","AR","GPS SANJUAN SRL.","239","N/A","9991","socks4","3691","1","2024-02-06T17:17:05.731Z","82","4898","5958"
"180.210.222.221","elite","AS203363","GB","Mohammad Saydur Rahman Zia","15","N/A","1080","socks4","4812","1","2024-02-06T17:17:04.603Z","42","2505","6013"
"89.161.90.155","elite","AS39375","PL","Telekomunikacja Podlasie Sp. z o.o.","86","Telekomunikacja Podlasie sp. z o.o.","5678","socks4","4412","1","2024-02-06T17:17:04.507Z","100","6014","6043"
"81.38.223.126","elite","AS3352","ES","Telefonica de Espana SAU","92","RIMA (Red IP Multi Acceso)","4153","socks4","4996","1","2024-02-06T17:17:04.508Z","98","5871","5984"
"80.232.245.122","elite","AS12578","LV","LATTELEKOM","39","Bridge Group","8080","socks4","534","1","2024-02-06T17:17:00.629Z","100","5967","5975"
"116.101.116.41","elite","AS7552","VN","Viettel Corporation","288","Viettel Group","4003","socks4","2602","1","2024-02-06T17:17:00.627Z","61","3594","5915"
"217.198.181.50","elite","AS48031","UA","Ivanov Vitaliy Sergeevich","52","Proline IT Ltd","49582","socks4","4804","1","2024-02-06T17:17:00.938Z","100","5981","5991"